people	need	line
person	remove	packaging
boy	ride	carts
man	play	game
people	shake	hands
people	ride	bikes
zebras	battle	other
bowl	have	meat
cops	ride	horses
zebra	rest	head
green	line	roadway
donkey	pull	cart
plate	hold	broccoli
signal	show	lights
he	perform	trick
someone	make	drink
that	sell	fruit
sign	say	drive
person	hold	bottle
woman	prepare	sandwich
chefs	prepare	meals
bird	put	beak
picks	rub	eye
that	include	raspberries
boy	swing	bat
children	make	pizzas
trucks	drive	street
who	wear	suits
athletes	perform	tricks
picture	show	side
woman	show	something
lone	stop	sign
it	have	blood
man	take	photograph
person	ride	surfboard
woman	carry	packages
man	ski	mountain
car	pass	elephant
people	have	fun
cream	theme	bathroom
woman	hold	bagel
person	hold	device
officer	lay	trap
that	hold	kite
surfer	ride	wave
woman	throw	disc
row	line	street
man	do	tricks
he	hold	piece
man	play	games
man	do	trick
person	perform	jump
man	hold	umbrella
man	swinge	bat
women	wash	motorcycles
man	play	game
people	play	game
person	cook	eggs
that	wipe	eye
that	have	zebra
giraffe	eat	leaves
herd	cover	piece
boy	bounce	ball
people	hold	kites
one	hold	luggage
man	serve	ball
he	ride	board
person	flush	toilet
man	hold	plate
bride	cut	cake
that	have	sign
cowboy	ride	horse
that	have	commandments
skateboarder	do	trick
airplane	leave	contrail
man	descend	mountain
that	have	bunch
man	ski	mountain
woman	purchase	food
man	stir	something
man	hit	ball
that	have	sign
surfer	killin	it
some	tree	people
that	fly	sand
oven	contain	dish
woman	watch	her
man	practice	tricks
train	make	way
man	ride	motorcycle
tray	have	pastry
girls	hold	doughnuts
man	wear	scissors
herd	block	road
woman	pat	elephant
puppy	pull	line
guy	wear	pants
that	press	heads
a	make	bed
bathroom	have	sink
that	have	vase
man	fly	kite
couple	cut	cake
man	swinge	racket
laptop	have	player
hand	flush	toilet
guy	pedal	bike
man	pull	elephant
all	hold	umbrellas
guy	sit	table
men	herd	pack
woman	hug	mouse
women	eat	dogs
sign	have	bear
baskets	display	carrots
player	swinge	bat
motorcycles	park	trees
man	surf	wave
grazes	notice	photographer
man	operate	laptop
trees	banana	dirt
guy	take	aim
that	include	corn
man	take	picture
group	have	meal
that	hold	tray
person	ski	slope
i	love	way
hands	toast	glasses
group	hold	animals
man	wear	tie
woman	show	slice
group	play	ball
man	poke	head
man	present	cake
person	make	sandwich
vase	have	rose
man	balance	himself
girls	hold	donuts
car	pass	it
elephant	hold	leaves
people	enjoy	games
player	hit	ball
court	have	people
man	throw	ball
man	ski	turn
man	perform	tricks
people	have	fun
man	hit	baseball
cat	wear	hat
vendors	show	selection
that	have	leash
that	do	trick
that	have	lane
woman	play	tennis
room	paint	color
man	surf	wave
cake	await	guests
person	take	picture
woman	play	tennis
man	walk	dog
cat	perch	itself
girl	play	game
cow	have	face
people	play	game
which	have	something
people	ride	bikes
woman	walk	water
slab	hold	fruit
wood	panel	walls
pitcher	throw	ball
that	have	couches
people	load	horse
someone	open	product
that	have	bananas
that	have	products
swan	have	grasses
pedestrians	pass	light
it	cross	plate
diners	enjoy	sandwiches
that	have	fruit
hald	eat	corn
man	hold	object
group	paddle	canoe
people	ski	slope
man	take	ride
man	slide	slope
all	eat	pizza
whose	pet	horse
that	catch	interest
she	hold	glass
that	separate	harbor
man	ski	hill
guy	play	guitar
desk	have	monitors
bench	have	grass
people	bring	boat
man	run	bases
woman	play	tennis
kitchen	have	fridge
bowl	hold	soup
people	fly	kites
person	hold	cd
game	take	place
fancy	color	toothbrush
that	have	table
table	have	pizza
group	eat	pizza
that	have	boxes
dog	examine	something
bus	drive	street
jets	fly	water
men	play	game
someone	hold	plate
plate	hold	portion
signs	proclaim	intersection
baby	have	hand
men	hold	awards
person	ride	horse
person	fill	jars
woman	lead	horse
drives	pass	station
men	play	baseball
men	carry	kite
man	walk	bike
sign	give	streets
train	stretch	track
skillet	contain	meat
child	brush	teeth
people	have	surfboards
door	reveal	toilet
boy	ride	skateboard
sign	have	letter
man	wear	light
man	take	photo
couple	play	baseball
person	ride	motorcycle
room	have	fireplace
we	see	horse
skateboarder	attempt	trick
wave	carry	surfer
people	fill	area
train	drive	tracks
images	show	table
man	perform	trick
woman	check	phone
that	give	directions
cows	graze	a
ducks	follow	mother
bathroom	have	tub
man	lace	boots
person	eat	pizza
that	read	othello
person	go	mountain
that	have	glasses
towel	cover	tv
that	read	animals
motorcycles	line	street
group	throw	frisbie
boy	pull	suitcase
horse	chew	ferns
kids	ride	surfboards
kitchen	have	chandelier
man	lift	weight
bikinis	ride	horses
woman	play	frisbee
one	hold	cake
that	have	sandwich
room	have	bed
people	use	rickshaws
people	board	it
person	ride	bike
surfer	ride	wave
legs	propel	her
men	drive	horses
pair	drive	highway
woman	have	smartphone
skateboarder	do	trick
horses	line	some
students	check	phones
woman	give	explanation
that	paint	markings
lady	pass	watermelon
people	cut	cake
someone	hold	bear
room	have	couch
skateboarder	turn	board
pair	play	games
boy	perform	stunt
child	hold	bowl
man	hold	bowl
girls	cook	beans
surfer	ride	wave
building	have	tower
bus	drive	street
cat	use	laptop
they	ski	it
people	ride	waves
man	take	video
person	hold	dog
woman	ride	wave
room	have	table
bear	hold	stick
guy	do	tricks
group	play	baseball
woman	play	game
man	play	guitar
photo	have	city
men	push	horse
man	unload	luggage
that	have	patterns
combination	showcase	types
guy	flip	skateboard
both	hold	umbrellas
bowl	have	broccoli
books	shelve	television
that	have	room
man	take	selfie
deck	have	plenty
bears	play	fight
man	hold	plate
man	hold	racket
giraffe	lower	head
boy	ride	horse
look	telegraphs	error
woman	take	photo
man	take	photo
riders	guide	horses
train	come	tracks
woman	play	game
who	catch	frizzebe
that	have	signs
one	cut	cake
snowboarder	go	slope
cat	wear	tie
woman	sell	fruit
man	hold	banana
bear	share	picture
woman	pick	sweets
photo	show	toilet
hand	hold	cover
player	swing	bat
who	sport	ribbon
who	ride	wave
group	fly	kites
chair	have	pillow
boy	pull	luguage
rain	cover	terrain
cat	sit	inside
bears	bite	other
person	spray	inside
person	brush	teeth
cat	catch	bird
man	slide	handrail
dog	stick	head
batter	take	swing
that	fly	kite
area	feature	mirror
man	hold	bat
egg	top	pizza
boy	ski	hill
dog	sniff	bat
zebra	eat	grass
men	ride	horses
chair	have	statue
people	drive	motorcycles
that	open	bottle
goats	eat	grass
man	throw	ball
pitcher	throw	baseball
someone	hold	veggie
city	have	buildings
boys	hold	frisbees
man	hold	dog
woman	hit	ball
man	play	videogame
woman	ride	bike
woman	hold	baby
children	fly	kite
man	attempt	trick
birds	get	drink
equestrians	ride	horses
that	have	containers
couple	ride	horses
woman	read	book
that	have	bunch
card	show	ship
baker	place	goods
woman	strike	ball
train	make	way
woman	hold	umbrella
men	ride	horses
everyone	see	it
girls	play	soccer
that	hold	phone
classroom	have	letters
people	train	them
room	have	couch
bathroom	have	sinks
sign	have	sign
woman	ski	slope
kid	hold	stick
man	wear	tie
dog	catch	frisbee
that	cook	food
man	do	tricks
woman	hold	baby
car	drive	lot
surfer	ride	waves
boy	fly	kite
man	toast	glasses
boy	ride	wave
man	hold	bunch
players	play	baseball
woman	hold	cake
racket	have	ball
bowl	have	soup
cat	have	on
case	show	sandwich
person	rest	head
area	feature	wall
boy	have	hairbrush
group	hold	frisbees
sign	say	bronx
meal	have	rice
man	fly	kite
men	walk	ox
girl	set	camera
boy	hold	peel
somebody	leave	top
person	tie	tie
skateboarder	do	trick
that	have	skiies
woman	hold	slice
toilet	paint	red
woman	sit	ontop
images	form	picture
surfer	catch	waves
man	wear	costume
people	put	suitcases
batter	await	pitch
bathroom	have	rack
batter	take	swing
person	ride	wave
that	feature	wall
that	have	graffiti
man	eat	dog
woman	brush	teeth
men	pack	equipment
group	fly	kites
people	fly	kite
dishes	have	kinds
collage	show	car
dog	ride	wave
train	pull	number
that	carpet	floors
wow	pare	some
man	do	trick
girl	use	control
one	eat	grass
woman	brandish	dryer
train	go	tracks
he	perform	stunt
boy	swinge	bat
people	shake	hands
woman	brush	teeth
that	have	peel
group	drink	wine
groups	admire	plane
child	throw	frisbee
farmer	use	plow
bathroom	have	shower
surfer	ride	board
woman	pull	luggage
woman	eat	piece
man	take	picture
cat	sniff	keyboard
that	miss	slice
couple	play	games
which	hold	bread
man	offer	leaves
he	play	tennis
men	shake	hands
he	hold	skateboard
man	eat	talking
woman	hug	bear
pen	sit	side
man	ski	slope
giraffe	eat	grass
person	eat	chilli
jockey	ride	horse
man	kiss	woman
kid	point	camera
instructor	teach	girl
that	play	wii
player	hit	ball
people	hold	skis
vendor	have	lots
that	eat	food
computer	display	screen
that	cook	food
bus	pick	riders
person	play	game
mirror	have	candles
person	ride	skateboard
that	have	ties
people	fly	kits
man	open	box
bike	do	tricks
player	hold	bat
that	have	table
man	ride	board
pitch	approach	batter
that	have	refrigerator
that	have	television
man	ride	horse
men	play	sports
man	have	bottle
room	have	counters
boy	perform	tricks
a	make	table
giraffe	extend	tongue
woman	train	horse
train	read	bnsf
pole	have	signs
closeup	have	fork
man	throw	frisbee
woman	hold	animal
phone	have	features
person	show	bowls
man	smile	sitting
that	play	movie
kids	play	baseball
man	fly	kite
zebra	chew	flower
people	fly	kites
cow	get	milk
horses	pull	plow
that	have	signs
that	have	people
hand	hold	banana
man	swinge	tennis
women	play	game
contestant	catch	sheep
man	carry	sign
that	have	clock
women	hold	umbrellas
player	hit	baseball
woman	walk	dogs
players	play	frisbee
that	have	figures
that	have	flowers
room	multicolore	floor
woman	lead	horse
surfer	ride	face
room	show	glimpse
bathroom	have	sink
that	have	exterior
boy	catch	ball
people	play	game
woman	ride	bike
woman	brush	teeth
person	hold	bag
person	hold	hand
group	fly	kites
donuts	fill	table
man	fix	tie
which	overlook	water
space	include	kettle
woman	ride	ride
couple	prepare	food
that	hold	variety
boy	fly	kite
teams	lift	players
surfers	ride	wave
woman	feed	food
tower	line	pool
bathroom	have	sinks
dish	contain	carrots
guy	surf	wave
person	fly	kite
person	ride	skateboard
island	have	sink
that	ride	horses
fire	have	posts
woman	watch	train
area	inlude	zebra
stickers	decorate	briefcase
children	ride	surfboards
baby	hold	poles
man	ride	motorcycle
that	hold	umbrella
person	ride	waves
someone	hug	him
woman	play	tennis
players	have	confrontation
man	ride	horse
which	include	pieces
bear	have	nose
man	play	tennis
that	paint	colors
station	have	television
man	make	volley
men	play	game
man	drink	water
teddy	bear	cake
kids	feed	giraffe
that	fly	plane
man	hold	frisbees
skateboarder	do	trick
man	hold	tie
man	hold	bunch
who	hold	whisk
child	have	helmet
toddler	eat	cake
four	side	clock
truck	haul	trailers
group	drink	beer
she	hit	pall
bear	wear	teeth
player	hold	glove
that	have	wall
people	have	meeting
girl	put	hand
people	ride	horses
player	play	tennis
building	have	tower
pedestrians	cross	street
people	ride	surfboards
man	eat	food
bicyclist	perform	wheelie
heart	shape	jar
it	have	mouse
group	play	soccer
that	return	serve
male	wear	tennis
person	hold	cookie
child	brush	teeth
teenager	do	wheelie
guy	take	picture
kid	swinge	bat
goats	get	tie
one	hold	umbrella
surfer	ride	wave
giraffe	lean	neck
man	fly	kite
woman	play	tennis
meal	have	brocolli
you	see	bedroom
person	hold	cellphone
dog	pull	woman
photo	depict	courtroom
player	swinge	bat
plare	take	swing
boy	ride	horse
train	pass	bridge
some	cut	vegetables
that	have	lunch
women	have	glass
that	display	picture
player	hold	racket
man	play	tennis
person	brush	teeth
instructor	teach	students
hand	hold	bitten
mens	double	tournament
group	fly	kites
child	eat	apple
dog	watch	plants
that	have	hand
dog	hold	toy
kid	hold	box
group	play	wii
people	take	cover
zebras	cross	stream
teenager	shoot	flames
woman	take	selfie
couple	surround	sandwich
surfer	ride	wave
who	hold	umbrella
father	take	selfie
plate	include	meat
people	bump	phones
that	show	vase
pizza	have	slices
that	say	500
men	push	carts
group	roam	enclosure
pedestrians	cross	street
bartender	open	bottle
woman	make	face
that	have	food
person	lift	leg
people	stand	bags
group	cut	cake
girls	have	fun
that	have	water
child	hold	toothbrush
restaurant	have	clock
he	fly	kite
that	read	8:29
bed	have	pillows
people	cross	crosswalk
lunchbox	have	sandwich
tree	die	leaves
man	wear	tie
bear	poke	head
man	hold	knife
that	let	passengers
man	walk	dog
man	swinge	racket
player	lift	skirt
woman	cut	cake
that	say	roja
man	play	tennis
that	have	sign
man	brush	teeth
waffle	have	slices
that	include	pizza
sign	give	face
skier	perform	jump
men	ski	cliff
train	drive	tracks
person	prepare	surfboard
group	drink	water
men	kick	ball
cow	have	map
elk	have	horns
littleboy	perform	trick
dogs	take	nap
that	have	ribbon
men	eat	breakfast
that	have	food
people	fly	kites
hand	hold	tag
person	watch	television
box	contain	donuts
woman	play	games
surfer	carry	board
that	have	windows
surfer	ride	wave
men	skate	road
meter	have	wrap
zebras	eat	hay
who	brush	teeth
boy	hold	pizza
bunch	walk	stairs
another	throw	ball
woman	throw	ball
people	reach	hands
baby	hold	toothbrush
sign	stencil	paint
man	get	air
woman	ride	horse
skateboarder	do	trick
bears	lay	side
man	surf	wave
woman	slice	cake
that	serve	ball
cat	stare	eyed
man	hold	controller
woman	eat	donuts
man	throw	frisbee
herd	cross	river
pizza	have	olives
boy	jump	skateboard
one	find	residents
youth	hold	ball
man	hold	pizza
who	remove	mask
green	light	bright
man	take	selfie
spectators	enjoy	show
player	throw	pitch
it	have	advertisement
boy	hit	ball
man	take	picture
dog	open	mouth
that	have	bunch
dog	wear	harness
bathtub	take	wall
hand	hold	smartphone
bus	make	way
owner	cut	meat
zebras	stand	side
man	perform	jump
skateboarder	ride	cityscape
man	kiss	top
desk	have	computer
crew	repair	light
that	have	oranges
man	ride	motorcycle
one	throw	frisbee
hydrant	have	lot
girl	play	game
herd	walk	street
boy	play	soccer
clock	mark	position
that	include	lentils
boys	play	tennis
girl	grab	hair
batter	tap	bat
desk	have	monitors
people	cross	road
woman	hold	racket
man	ride	motorcycle
that	ski	hill
boy	take	picture
man	have	bat
tv	have	pictures
trains	sit	idle
girl	eat	banana
tree	have	bunch
woman	dip	food
players	look	plate
that	have	something
man	swinge	bat
keyboard	have	objects
woman	hold	controller
skateboarder	do	stunt
woman	eat	meal
woman	hold	umbrella
man	perform	trick
man	show	tie
woman	take	selfie
group	play	frisbee
people	fly	kite
which	include	onions
woman	prepare	bread
player	swing	bat
people	play	games
group	paddle	boat
stop	sign	sign
room	paint	beige
giraffe	keep	eye
that	sniff	bat
sheep	inspect	pile
dog	take	nap
woman	walk	dog
add	cook	vegetables
man	ride	skateboard
cat	watch	cars
person	ski	slope
cake	have	pond
zebras	share	grassland
group	crowd	streets
engine	pull	car
goers	set	umbrellas
bathroom	have	seat
that	let	smoke
images	show	preparation
man	carry	surfboard
man	direct	them
that	have	window
man	play	tennis
buildings	cover	area
that	have	pot
woman	hold	animal
street	show	buildings
people	cross	street
that	include	chicken
man	ride	motorcycle
man	use	phone
someone	hold	fork
that	have	bowl
person	ride	skateboard
bench	have	hat
woman	return	volley
vase	have	horses
that	hold	lot
man	play	frisbee
people	watch	sheep
person	observe	them
cat	have	paws
cat	take	pose
man	hold	bat
girls	cook	asparagus
giraffes	spend	time
who	hose	elephant
men	use	all
group	play	game
couple	ride	horses
that	have	kinds
man	ride	bike
hand	pull	slice
who	perform	tricks
hart	shape	sculpture
that	have	clock
feet	leave	ground
horse	pull	something
sign	have	graffiti
plate	have	bowls
man	wear	suit
street	run	direction
street	have	cars
bathroom	have	appliances
giraffe	hang	neck
woman	play	game
people	stick	knives
player	hit	ball
man	do	trick
that	have	wheel
man	play	baseball
bathroom	have	walls
snowboarder	do	flip
dog	watch	something
horse	pull	carriage
that	take	picture
elephant	eat	food
child	pet	sheep
person	have	bag
people	hold	riding
people	play	game
that	have	furniture
plate	have	waffle
that	have	sign
pizza	include	ingredients
people	cross	street
match	take	place
truck	have	dog
woman	have	headphones
man	swing	bat
men	shake	hands
that	have	socks
placemat	have	cilantro
man	ride	skateboard
bus	drive	street
man	fly	kite
people	cross	country
woman	hold	purse
man	pour	glass
that	have	bathtub
people	watch	parasailing
woman	put	dog
dogs	read	book
screen	have	colors
man	prepare	food
couple	pull	contraption
men	sell	amount
vehicles	show	cars
that	have	picture
people	cross	country
man	spray	elephant
that	drag	metal
man	film	another
man	perform	trick
teams	play	soccer
who	hold	glass
man	hold	cellphone
that	ride	horse
man	have	cuts
man	take	picture
man	hold	door
table	have	flowers
photo	show	boat
picture	have	bat
giraffe	eat	leaves
surfboards	line	windows
children	play	game
child	brush	teeth
giraffes	roam	paddock
road	stop	signs
vase	hold	flowers
skateboarder	perform	trick
that	have	food
zebra	suckle	milk
desk	have	monitors
boy	wear	helmet
surfer	ride	wave
girl	take	portrait
boy	ride	wave
shirtless	do	trick
woman	ride	waves
men	hold	controllers
toddler	celebrate	birthday
table	have	suitcases
he	finish	meal
women	bake	turkey
girls	look	the
man	play	soccer
girls	wash	motorcycle
that	bike	road
woman	ride	bike
signs	point	directions
skateboarder	perform	tick
man	tie	food
teddy	bear	clothing
surfer	launch	dog
people	ride	wave
friends	have	time
corner	have	clock
dogs	chase	other
vase	hold	arrangement
group	ride	waves
someone	play	game
that	have	cake
woman	play	game
that	have	seat
who	hold	kite
woman	hold	dryer
who	ride	motorcycle
men	share	meal
boy	hang	kites
horses	guide	them
giraffes	enjoy	walk
look	herd	sheep
dog	have	frisbee
skateboarder	attempt	air
train	go	track
man	help	athlete
men	play	games
that	have	collar
skier	perform	flip
room	make	beds
sign	advertise	locations
woman	carry	box
bathroom	paint	blue
windsurfer	watch	people
man	hold	frisbee
woman	take	photos
girls	play	game
which	show	people
jockey	ride	horse
boarder	hang	time
person	open	package
man	hold	frisbee
cows	eat	hay
that	include	chicken
person	eat	food
person	ride	skateboard
hydrants	have	looks
man	ride	horse
child	play	game
pears	have	spots
girls	share	bite
group	surround	display
airplane	let	smoke
people	play	game
men	shake	hands
person	ride	hill
someone	cook	vegetarian
tiger	stripe	cat
train	round	tracks
children	feed	giraffe
sign	show	directions
person	ride	motorcycle
that	hold	lime
one	ride	bike
girl	wear	belt
people	play	game
who	lift	piece
that	have	clock
surfer	catch	wave
people	hike	mountain
players	shake	hands
that	have	guy
person	do	trick
man	take	bite
stop	sign	bushes
man	hold	slice
man	do	trick
child	place	hands
cop	ride	motorcycle
crowd	watch	try
man	carry	suitcase
goose	eat	grass
girl	ride	horse
woman	watch	elephant
skateboarders	roll	slope
that	have	tv
plate	have	pizza
man	hold	bat
boys	enjoy	pizza
lady	wear	dresses
woman	play	game
bathroom	have	all
cake	have	flowers
girl	play	videogame
bathroom	contain	toilet
it	use	cleaning
tv	adorn	mirror
man	perform	trick
woman	hold	phone
player	swing	bat
truck	pull	crate
sign	have	sign
hydrant	have	ice
horses	eat	hay
woman	show	delight
cake	feature	island
man	hold	bat
that	have	kinds
person	hold	tomato
that	come	river
man	ride	wave
man	play	tennis
that	have	rice
man	do	tricks
woman	hit	ball
table	have	cupcakes
kitchen	have	stove
figures	put	skateboards
man	play	tennis
children	play	soccer
woman	have	smoke
who	brush	teeth
girl	hold	her
subway	stop	entrance
people	take	pictures
man	eat	banana
woman	hold	umbrella
snowboarder	finish	run
basement	have	people
market	have	variety
man	play	frisbee
person	ski	slope
desk	have	monitors
person	choose	seat
woman	hold	dryer
adidas	feature	players
detector	display	speed
man	fly	kite
which	include	bidet
man	make	face
man	hold	suitcase
women	play	ball
family	play	frisbee
men	play	games
bears	have	crowns
men	wear	shirts
that	have	plate
that	do	trick
kitchen	have	cabinets
some	drink	plates
bread	have	meat
tower	feature	clock
that	have	stars
that	put	fire
that	show	view
men	ride	elephants
woman	play	frisbee
who	hold	glasses
men	play	wii
bear	raise	lies
woman	prepare	pizza
man	cut	pizza
man	take	pictures
box	contain	donuts
collage	display	deserts
kid	wear	blanket
giraffes	eat	leaves
giraffe	share	area
that	come	oven
man	eat	banana
that	cut	cake
bird	sit	branch
cat	watch	clouds
river	have	buildings
lady	explain	process
man	catch	baseball
busuit	have	piece
door	have	papers
woman	ride	skateboard
people	race	horses
girls	smoke	cigarettes
player	show	excitement
vase	hold	flowers
picture	show	interior
man	take	selfie
man	read	story
smoke	obscure	mural
guy	ride	board
skateboarder	do	trick
bus	drive	road
gentleman	wave	flag
skiers	shake	hands
males	have	cellphone
woman	ride	wave
man	take	picture
woman	show	bagel
lady	take	shot
airplane	make	way
child	do	trick
man	load	suitcases
zebras	go	directions
hand	point	remote
she	down	piece
woman	hold	parts
cat	drink	water
players	play	baseball
crosswalk	have	fire
train	come	tracks
man	show	muscles
they	slice	cake
who	hold	parachute
skateboarder	do	trick
player	hit	ball
that	take	picture
people	fly	kite
elephants	wrap	trunks
man	wear	suit
man	wear	sunglasses
man	carry	surfboard
individual	do	something
man	hold	dog
people	make	turns
group	fly	kites
giraffe	enjoy	treat
he	type	something
child	hold	frisbee
room	witj	couch
man	blue	kite
station	have	lights
workstation	feature	monitors
man	push	bike
tram	make	way
woman	hold	carrot
child	eat	food
man	hold	drink
dog	smell	bat
pizza	have	plates
that	have	people
woman	use	phone
person	ride	horse
woman	hold	umbrella
person	have	knife
man	wear	hat
who	perform	trick
surfers	ride	waves
room	have	furniture
boy	swing	bat
scene	have	photos
group	fly	kites
child	hold	dogs
that	have	sandwich
woman	ride	bicycle
bowl	have	oranges
boys	play	volleyball
that	have	tv
man	watch	tv
that	have	sculptures
man	take	picture
elephant	carry	plants
teens	play	games
cameras	capture	player
animal	take	nap
that	hold	surfboard
people	perform	flips
group	play	game
jet	take	passengers
group	fly	kites
scene	include	men
adidas	show	players
that	include	cellphone
man	ski	slope
women	use	phone
men	enjoy	wine
person	drive	motorcycle
car	have	letters
man	jump	ramp
man	park	motorcycle
he	have	food
who	fly	kites
photo	show	someone
man	ride	wave
individual	have	time
buses	have	tower
lady	make	gestures
people	pet	elephant
group	carry	boards
that	have	text
bus	read	bus
person	dress	it
that	flash	lights
person	wear	skis
person	hold	doughnut
man	eat	dog
guys	cross	street
people	play	baseball
pillars	give	feel
girl	have	time
that	eat	pizza
that	have	shirt
man	hold	plate
man	hold	umbrella
bathroom	have	sinks
that	include	carrots
man	read	book
group	carry	umbrellas
it	approach	platform
boys	read	books
man	grab	tie
that	have	types
building	have	graffiti
man	ride	surfboard
shepard	herd	flock
group	eat	hay
that	have	pizza
guest	enjoy	himself
person	fly	biplane
giraffe	suck	bottle
table	have	dog
man	ride	surfboard
skateboarder	do	trick
girl	brush	teeth
he	have	horns
table	have	bowl
child	hold	spoon
bear	sit	group
man	swinge	bat
that	have	vegetables
that	have	clock
herd	cover	banks
man	put	bottle
that	show	graffiti
man	take	selfie
building	have	signs
animal	depict	bear
people	browse	shops
woman	prop	computer
dog	sit	mattress
man	ride	wave
man	hold	crust
group	chase	frisbee
man	make	way
pizza	miss	slice
that	have	stairs
teddy	bear	one
pitcher	launch	ball
train	come	tracks
wall	have	clocks
man	ware	tie
who	ride	horse
sheep	have	look
that	have	clock
man	walk	dog
refrigerator	have	drink
that	ride	motorcycle
who	hold	racket
men	hold	phones
that	have	television
elephant	chase	dog
woman	tow	luggage
woman	hand	slices
light	show	yellow
truck	display	car
kitchen	have	pineapples
trio	drink	wine
sign	point	way
kitchen	have	cabinets
train	have	door
people	fly	kites
women	ride	horses
skier	ski	slope
bathroom	have	pattern
train	go	track
dog	hang	head
ladies	ride	horses
fence	have	bear
that	have	suit
that	have	umbrellas
boy	ride	wave
obama	give	speech
who	hold	bat
it	travel	tracks
utensils	line	sink
giraffes	share	branch
some	cabinet	washer
girl	brush	hair
person	jump	horse
lady	ride	bike
that	have	signs
boys	kick	ball
man	surf	wave
hydrant	have	writing
plate	have	bread
that	have	colors
woman	take	photo
lady	prepare	pancakes
racket	leave	arm
computer	sit	setup
surfer	surfs	wave
person	show	racket
who	bike	street
benches	face	other
person	do	jump
vehicle	cross	intersection
child	drink	bottle
that	ski	slope
skateboarder	flip	board
man	hit	ball
man	hold	racket
bird	clean	itself
man	slice	meat
couple	cross	street
child	brush	teeth
that	return	ball
someone	vandalize	one
man	throw	balls
it	wear	collar
people	fly	kites
obama	deliver	speech
girl	play	game
that	contain	sandwiches
girl	hold	baby
kitchen	feature	island
bus	drive	street
this	show	view
cake	display	words
that	have	bird
i	see	them
statue	read	newspaper
that	carry	kite
oman	move	path
umbrella	block	sun
snowboarder	do	jump
person	ride	horse
man	hold	pizza
man	practice	moves
woman	crochet	case
cattle	have	pattern
skateboarder	grind	board
tie	say	fish
woman	hold	horse
man	hand	cake
cat	wear	cap
people	have	plate
man	squeeze	juice
fork	surround	plate
zebra	have	fight
party	eat	pizza
person	pet	elephant
eatery	have	area
boy	ride	board
that	hold	remotes
person	fly	parasol
that	have	clock
person	hold	racket
exhibit	feature	planes
view	overlook	ocean
cat	wear	hat
you	see	shadows
man	hold	phone
advertisement	show	kitchen
man	wake	boarding
that	have	something
that	read	atm
girl	play	game
tourists	take	photos
that	have	rack
man	hold	strings
girls	hold	bear
man	ignite	spray
man	lead	cow
that	have	broccoli
line	ride	bicycles
70s	theme	room
that	have	televisions
man	wear	jacket
woman	inspect	features
kitchen	have	chest
person	cut	pizza
man	surf	wave
woman	smoke	cigarette
woman	wear	wetsuit
station	have	building
man	para	glides
people	use	glides
birds	roll	beach
player	swinge	bat
player	throw	pitch
person	ride	horse
that	read	dr
man	jump	board
building	have	clock
skateboarder	do	trick
styrofoam	flip	container
man	push	cart
that	hit	ball
man	ride	skateboard
man	hold	iphone
kitchen	have	range
guys	catch	waves
people	play	game
woman	walk	dog
train	move	tracks
that	say	8:25
that	include	tomatoes
men	play	console
surfer	ride	wave
one	reach	head
man	help	player
man	play	game
bed	carry	sheets
bowl	have	apples
man	stuff	dog
teams	play	baseball
man	play	tennis
bartender	open	bottle
kitchen	have	island
clock	make	statue
meter	have	sign
girl	pin	bouttoniere
girl	hold	brush
that	sell	bears
men	ride	skateboards
men	play	match
dog	have	head
females	hold	donuts
tower	have	pole
man	throw	baseball
horses	race	other
mean	play	tennis
woman	show	pie
kale	get	rays
who	take	bath
teenager	do	stunts
downward	angle	picture
woman	ride	hill
kitchen	have	cabinets
cat	drink	something
woman	hide	face
sparrows	sit	table
that	have	counters
man	play	frisbee
bathroom	have	toilet
sign	read	stop
person	pick	piece
that	have	flowers
room	have	wall
he	get	ball
men	play	soccer
plate	have	potatoes
skateboarded	go	jump
person	ride	horse
room	feature	colors
kitchen	have	refrigerator
side	have	clock
woman	play	games
that	have	tables
waitress	hold	pizza
meter	have	fifteen
man	fly	kite
guy	hold	bat
that	have	clock
elephant	lead	elephant
woman	ski	slope
dog	cut	piece
that	warn	goers
boy	hit	ball
cows	eat	grass
headphones	play	game
pitches	take	mound
one	hold	frisbee
girls	play	wii
device	display	message
girl	take	bite
hand	hold	cd
kitchen	have	cabinetry
girl	take	portrait
that	clean	products
woman	brush	teeth
woman	throw	frisbee
bedding	create	environment
woman	hold	device
they	hold	glasses
boy	play	game
girl	hold	racket
batter	hit	ball
player	cross	plate
people	hold	controls
woman	take	portrait
orange	join	orange
man	hold	heads
person	remove	object
people	wear	helmets
bathroom	show	toilet
room	have	posters
man	do	tricks
players	play	baseball
airplane	stand	motionless
mannequins	display	clothing
window	blur	image
cat	meander	walkway
boarder	grind	rail
that	wear	collar
door	have	panels
bride	cut	cake
boy	ride	bike
man	carry	sheep
baby	hold	toothbrush
locomotive	haul	freight
	enjoy	day
woman	use	laptop
that	read	tie
meal	feature	steak
who	hold	umbrella
people	take	look
table	have	meat
woman	hold	tennis
men	ride	motorcycles
woman	play	game
market	have	table
that	include	pickles
utilizing	cement	structure
dish	include	sprigs
banana	slice	butter
plate	slice	zucchinis
bus	make	way
player	swing	racket
children	play	baseball
puppy	wear	apparatus
that	have	kind
kitchen	have	stove
boy	carry	animal
plane	take	runway
wharehouse	accomodate	array
shelf	hold	vases
meter	have	graffiti
vendor	serve	hotdog
men	fasten	skis
player	swinge	bat
man	play	tennis
who	take	picture
people	ride	horses
bride	cut	cake
women	play	tennis
cows	graze	field
jacket	hold	racket
who	buy	groceries
giraffe	stick	nose
boards	towel	chairs
people	play	game
man	guide	horse
microwave	close	clock
man	make	cut
people	ride	horses
man	hold	hand
case	hold	feathers
who	share	bathroom
that	have	wii
women	eat	dogs
boys	hit	baseball
fields	have	cow
crowd	watch	group
giraffe	make	face
spectators	watch	competition
man	check	phone
that	snowboard	hill
donuts	fill	plate
joke	stop	sign
microwave	have	board
player	swinge	arm
that	wear	mask
tray	have	sandwich
that	have	toilet
players	play	couples
that	have	day
boy	brush	teeth
wall	mount	clock
that	brush	teeth
boy	play	tennis
boy	hold	leaf
that	reflect	room
woman	leave	building
kitchen	have	appliances
player	serve	ball
man	place	item
bathroom	have	sink
person	hold	stick
who	place	luggage
group	play	games
it	have	appliances
hand	hold	cellphone
diners	enjoy	beverages
people	hold	glasses
skier	descend	slope
crowd	fly	kites
man	perform	tricks
player	stick	hand
man	watch	waves
man	pour	types
man	film	boarder
man	fly	kite
man	photograph	pizza
woman	hold	umbrella
that	have	amount
that	have	frame
person	take	picture
boy	use	keyboard
guests	enjoy	glass
dog	have	nose
bear	shake	fur
bathroom	have	walls
giraffe	make	face
man	swing	glider
bunch	make	way
man	play	tennis
man	spray	toilet
that	sit	plate
group	ride	motocycles
that	have	bear
who	use	computer
picture	show	top
giraffe	splay	legs
woman	take	picture
woman	lick	lips
man	hold	drink
woman	play	tennis
players	have	fun
vase	have	flowers
dog	sniff	base
person	stand	steering
that	hit	pole
bird	eat	berry
bathroom	have	sinks
group	fly	kites
that	advertise	restaurant
woman	ride	bicycle
man	race	horse
train	travel	tracks
group	eat	pizzas
that	hold	frog
which	have	atm
man	use	horses
man	walk	beach
wall	surround	graveyard
boy	hold	controller
sign	mark	intersection
giraffes	eat	greens
players	shake	hands
boy	hold	racquet
man	have	look
room	have	tables
structure	ride	way
that	have	ketchup
train	cross	street
skiers	ski	slope
red	ride	tracks
stall	sell	tomatoes
people	fly	kite
person	press	button
that	have	neck
men	cross	street
man	feed	elephant
man	do	tricks
kitchen	have	tools
lady	hold	pizza
skater	attempt	grind
train	have	stripe
man	offer	slice
group	ride	horses
boy	hold	control
bus	have	seats
people	have	boards
that	say	drive
man	wear	kilt
building	have	tower
people	ride	motorcycle
girls	make	pizzas
man	have	flower
that	have	pieces
intersection	have	building
i	want	pizza
group	walk	steps
that	have	plates
parent	serve	dog
boy	chase	skateboarder
woman	brush	teeth
people	fly	kites
man	fly	kite
group	ride	horses
that	include	soup
person	parachute	surfing
man	play	game
sign	have	graffiti
man	play	frisbee
that	record	meeting
cat	lay	papers
player	swinge	bat
man	do	trick
kitchen	have	appliances
which	portray	hydrants
cat	wear	hat
girls	play	wii
man	hold	bat
statue	hold	newspaper
cat	observe	dishwasher
table	have	cup
that	have	plates
one	have	sprinkles
plate	have	banana
dog	wear	cap
slices	garnish	topping
he	hold	orange
someone	operate	mouse
person	cross	country
person	cross	skis
woman	surf	wave
who	wear	glove
cookie	have	fruit
guy	have	hands
station	have	ceiling
boys	create	moves
zebras	eat	grass
pitcher	hold	arm
man	pet	horse
girl	take	picture
plate	have	pasta
someone	hold	phone
tugboat	pull	boat
toddler	stick	tongue
people	eat	pizza
husband	take	pictures
that	have	items
people	climb	mountain
players	shake	hands
player	take	stance
that	have	floor
man	ride	wave
that	go	tracks
woman	smoke	cigarette
woman	hold	her
person	ride	horse
room	have	balloons
person	bear	bottle
woman	fly	kite
burner	stove	door
woman	eat	pizza
that	approach	pickup
picture	face	eyes
that	have	plates
that	hold	kind
one	have	flowers
man	ride	surfboard
vase	hold	tulips
guy	ride	board
girl	check	phone
nman	pick	food
that	have	vehicles
man	do	trick
who	throw	baseball
one	own	bear
greens	dry	tomatoes
lady	play	game
rider	ride	horse
girl	eat	slice
person	ski	slope
person	ride	horse
who	eat	banana
hat	ride	horse
that	have	oven
train	belch	smoke
sofa	have	people
policeman	lead	way
boy	play	game
skateboarders	do	trick
women	take	bite
hand	hold	iphone
that	display	meaning
pick	drive	road
that	have	refigeratator
that	have	fridge
truck	pass	intersection
sandwich	feature	portion
who	hold	bat
man	swinge	racket
bathroom	take	selfie
bathroom	have	pattern
guy	jump	steps
surfer	catch	wave
bathroom	have	toilet
boarders	run	track
dog	wear	tie
batter	hit	pitch
group	cross	line
man	take	picture
grey	stripe	cat
man	wear	suit
person	ski	mountain
woman	use	phone
men	kick	ball
man	throw	ball
doberman	carry	frisbee
trains	pass	other
people	carry	umbrellas
man	swinge	racket
plates	have	food
giraffe	point	head
people	have	conversation
woman	brush	teeth
surfer	carry	board
cabinet	have	assortment
a	make	space
men	play	game
group	play	game
who	cut	something
person	surf	wave
woman	celebrate	play
man	serve	ball
photo	depict	woman
photographers	snap	photos
bird	eat	berries
people	ride	motorcycle
children	hold	doughnuts
desk	hold	lunch
woman	walk	horse
pictures	feature	bananas
man	spin	frisbee
that	do	trick
that	have	couple
cow	feed	popsicle
player	hold	bat
woman	hold	umbrella
girl	glide	hill
elephants	take	drink
bathroom	have	sink
woman	show	pizza
photo	eith	lock
bathroom	feature	sink
team	celebrate	players
plane	soar	hundreds
they	ride	horses
surfer	steady	move
beach	have	area
bus	have	part
that	have	clock
bird	have	head
that	have	fruit
woman	hold	child
men	ride	big
women	serve	cakes
monitor	show	image
chicken	cover	landscape
man	hold	bag
that	have	lot
males	play	frisbee
lady	hold	controller
woman	fly	kite
house	line	road
skier	slalom	hill
that	jump	skateboard
men	drive	cattle
plate	fry	eggs
woman	put	kite
group	ride	motorcycles
sandwich	have	meat
person	ride	wave
couple	cut	cake
girl	hold	racket
women	play	game
man	take	ride
woman	peak	pile
flock	cross	field
man	poke	head
man	do	tricks
bathroom	have	army
giraffe	peer	heads
cat	curl	paws
elephant	give	bath
snow	cover	street
bathroom	contain	sink
plate	top	chicken
room	have	table
boy	have	helmet
group	contain	one
bed	have	controls
desk	have	monitors
man	take	picture
scene	feature	car
group	feed	giraffes
that	hold	phone
person	do	tricks
that	have	lanes
that	have	tree
spectators	play	game
who	perform	trick
room	have	tint
player	practice	swing
that	say	cave
male	prepare	frisbee
truck	plow	snow
dogs	play	frisbee
airline	taxi	runway
all	poke	heads
man	dodge	waves
that	have	carrot
table	hold	items
that	have	bowl
guy	show	prowess
church	glass	window
people	prepare	kind
giraffes	make	contact
lights	glow	green
man	cast	shadow
man	ride	horse
man	prepare	food
dish	sit	glasses
large	make	bed
clock	read	11:44
sheep	eat	grass
guys	play	golf
man	fly	kite
man	play	tennis
woman	hold	drink
skateboarder	do	tricks
bathroom	have	sink
building	shine	windows
woman	have	handbag
man	hold	object
steeple	have	piece
people	eat	meal
which	show	reflection
man	drive	taxi
statue	hold	orb
machine	make	donuts
people	negotiate	streets
man	grind	ramp
hand	touch	trunk
skateboarder	do	jump
guy	have	fun
bus	lose	wheel
that	have	tinfoil
that	read	parking
woman	hold	fork
that	have	trees
that	play	tennis
group	get	food
surfer	take	spill
person	hold	dryer
that	have	lot
man	blow	candles
person	ride	wave
slope	cover	background
girls	pet	goat
girl	play	tennis
bunch	hold	kites
woman	examine	cellphone
being	do	something
bunch	cross	intersection
woman	ride	horse
people	climb	side
man	hold	surfboards
bathroom	have	curtain
lady	ride	back
man	stick	tongue
chef	pull	pizza
that	have	rainbow
that	pet	cat
players	cub	teams
bathroom	have	walls
person	hold	spatula
elephants	touch	other
that	have	sign
statue	have	clock
man	walk	sidewalk
man	balance	bicycle
man	have	shirt
sun	silhouette	turning
boat	make	way
man	hold	fruit
chip	deliver	van
man	ride	wave
man	herd	goats
cows	eat	grass
kneels	prepare	kite
elephants	greet	other
image	show	signs
toilet	have	lid
woman	pet	cat
dog	use	mouth
man	play	game
boy	have	hand
toaster	have	eyes
skateboarder	grind	railing
boy	play	baseball
someone	demonstrate	works
kid	jump	hill
tower	have	vane
that	have	people
kids	pet	sheep
giraffe	raise	head
gentlemen	hold	kite
man	answer	phone
giraffe	stretch	next
people	select	donuts
jeter	swing	bat
man	show	kite
that	have	graffiti
person	eat	pastry
bus	have	books
that	hold	baby
some	window	tables
that	have	walkway
that	read	sparta
man	photograph	city
that	have	bananas
player	play	tennis
people	play	tennis
they	play	game
man	wlak	field
people	fly	kites
player	serve	ball
boy	ride	skateboard
woman	feed	toddler
people	watch	man
woman	play	tennis
skier	perform	jump
man	walk	path
officer	ride	motorcycle
man	surf	wave
each	hold	something
person	ride	ramp
woman	hold	baby
pedestrian	cross	street
area	feature	couch
pole	have	clock
male	surfer	skills
women	take	picture
boys	play	indoors
woman	hold	camera
that	block	sun
unit	have	cups
person	do	flip
group	take	suitcases
man	take	swing
girl	fly	kite
group	share	meal
person	drive	motorcycle
person	hold	pastry
man	do	toast
dog	eat	food
person	hold	doughnut
bench	have	symbol
giraffes	poke	heads
toddler	brush	teeth
nightstand	hold	class
one	hold	racket
that	have	graffiti
woman	ski	hill
woman	ski	path
boy	play	game
person	ride	wave
woman	serve	ball
woman	hold	flute
woman	sit	nest
that	make	catch
men	wear	hardhats
horse	have	mane
man	throw	frisbee
guy	play	wii
man	hold	controllers
wall	mount	urinals
that	have	lady
housewife	hold	platter
lot	cause	jam
tower	feature	walkway
man	hold	sign
player	take	swing
man	shake	hands
tower	display	clock
man	change	bulb
train	make	way
man	sell	carrots
set	display	game
i	love	tottenham
room	have	bookcase
guy	pass	bus
that	have	rack
man	cross	street
person	ride	dirtbike
individual	do	something
woman	walk	bike
that	have	monitors
women	play	baseball
cup	hold	scissors
that	have	light
mirror	show	dog
bus	pick	load
men	sell	ties
person	make	jump
men	hold	surfboard
sun	hit	corner
kitchen	have	lot
people	ride	horses
man	fall	skateboard
player	take	swing
who	dye	blue
person	can	oranges
that	have	lights
woman	hold	racket
couple	ride	horses
boys	play	baseball
couple	cast	shadow
man	play	wii
woman	check	motorcycle
one	wear	shirt
engine	emit	smoke
man	blow	candles
that	have	mirror
that	read	village
herb	top	pizza
man	ride	motorcycle
man	hold	child
elephant	feed	bottle
room	have	couches
woman	take	notes
people	ride	motorcycles
that	have	toothbrush
someone	eat	it
dog	watch	television
plane	leave	tail
dog	wear	collar
people	serve	food
woman	hold	baby
we	see	picture
man	hold	toothbrush
skier	clear	jump
photographers	take	pictures
sherds	move	road
that	have	food
train	ride	tracks
woman	hit	ball
cat	devour	bird
building	have	computers
hand	paint	urn
man	do	trick
giraffes	take	turns
trees	mark	side
all	use	phones
that	swing	bat
men	walk	directions
man	hold	umbrella
that	cut	cake
sign	read	bacchanalia
man	eat	hotdog
that	have	extinguisher
woman	take	portrait
giraffes	eat	branch
that	feature	buildings
child	hold	controllers
girls	pet	goats
room	have	television
woman	wear	jacket
person	ski	hill
that	have	burger
cook	make	something
dog	stick	head
that	serve	dogs
people	ride	horses
one	have	flowers
female	hold	umbrella
group	ride	horses
that	contain	equipment
hotel	have	tv
building	have	lamp
train	cover	tracks
sheep	stand	grass
man	ride	surfboard
who	set	camp
people	ride	horses
player	make	shuffle
children	fly	kite
woman	hold	phone
person	snowboard	slope
that	have	frame
man	ride	horse
cattle	cross	road
sandwich	dominate	plate
fryer	have	rows
bus	make	way
person	hold	umbrella
people	board	bus
heart	shape	cakes
group	load	luggage
bears	open	mouths
woman	hold	child
group	cross	river
boy	blow	candles
clock	show	time
woman	fly	kite
room	show	collection
bridge	carry	roadway
that	have	broccoli
who	take	picture
man	play	catch
boy	have	fun
shirtless	go	ramp
sheep	carry	hill
fribee	fly	way
woman	hold	umbrella
it	display	message
red	enter	sign
man	play	boxing
people	hold	umbrellas
bathroom	sing	counter
man	ride	elephants
dog	catch	frisbee
people	attend	event
wild	ride	waves
skiers	enjoy	run
guys	play	game
man	serve	apple
people	enjoy	themselves
group	get	food
a	enter	sign
plate	hold	salad
cake	have	frosting
desk	have	laptops
boy	throw	frisbee
man	ride	skateboard
that	have	television
group	hold	people
room	utilize	stove
bedroom	have	wall
men	ski	snow
woman	brush	teeth
man	snowboard	hill
man	drive	motorcycle
boat	make	waves
train	come	tracks
that	have	skateboard
women	ride	horses
birds	pick	berries
man	throw	frisbee
woman	sit	pizza
skiers	climb	snow
people	walk	truck
mates	lift	one
that	have	food
man	fly	kite
image	have	clock
gentleman	remove	food
that	eat	food
people	board	bus
people	fly	kite
it	sniff	floor
man	ride	elephant
bear	watch	player
man	enjoy	afternoon
that	say	peddling
surfer	ride	wave
bus	drive	street
jump	hon	skis
machine	make	bagels
man	take	picture
man	find	frisbee
people	play	game
man	wear	gloves
that	hold	animal
boy	swing	bat
hands	hold	silverware
that	have	dog
that	have	racquet
that	have	landed
that	have	clock
skateboarder	do	trick
bird	have	head
person	watch	tv
man	swinge	racket
person	do	trick
women	take	bite
that	replace	numbers
that	indicate	six
men	hold	man
man	hold	phone
people	purchase	tickets
light	have	faces
custom	make	motorcycles
people	get	meal
man	hit	ball
man	ski	slopes
woman	ride	dolphin
men	pull	umbrella
skiers	do	flip
motorcycle	chip	doors
that	have	cookware
bear	hold	bear
toy	lie	face
group	cross	street
boys	play	game
chrome	color	toaster
bear	have	handkerchief
woman	ride	bike
athletes	play	game
she	have	something
that	house	pieces
group	cross	stream
people	fly	kites
woman	raise	torch
batter	miss	baseball
that	have	clock
she	make	cigars
display	form	centerpiece
train	have	paint
people	cross	sign
clock	read	2:30
woman	try	fit
man	hold	frisbee
woman	carry	bunch
girl	hold	umbrella
man	play	guitar
people	do	tricks
that	have	brush
cat	attack	weeds
woman	hand	package
that	break	wood
room	feature	furniture
train	approach	signal
couple	kick	ball
game	throw	ball
people	stand	guard
man	wear	tie
train	ride	tracks
person	make	way
train	have	oval
cloud	overshadow	houses
bears	rip	cars
who	hold	girl
mouse	cord	wires
man	spray	elephant
truck	load	train
skier	approach	bar
people	watch	man
pot	chop	vegetables
boy	stop	him
that	ski	field
building	have	pole
man	take	picture
man	play	tennis
that	have	snow
trucks	pass	building
man	pour	drink
some	do	nuts
woman	catch	guard
group	eat	hay
clock	keep	time
that	have	sign
man	hold	handsaw
hand	hold	carrot
number	enjoy	themselves
skiier	jump	mogul
that	have	clock
that	eat	food
bear	extend	tongue
intersection	feature	cars
that	have	cream
people	express	right
gold	trim	clock
game	have	device
cows	have	horns
surfer	lose	balance
players	have	practice
men	hold	glasses
skiers	race	other
boys	play	soccer
two	hold	frisbee
dog	herd	sheep
man	make	jump
boy	do	trick
pallet	hold	display
people	fly	kites
that	have	ramp
boy	ride	horse
pair	fly	kite
group	pet	horse
area	feature	shelving
woman	teach	class
someone	drive	cart
that	hold	glasses
skater	do	tricks
woman	hold	umbrella
men	get	food
man	perform	trick
people	ride	horses
sign	mean	profanity
surfers	catch	waves
plates	have	tortillas
people	fly	kites
players	face	other
person	hold	treat
woman	consider	waves
signs	give	directions
that	tell	visitors
man	hold	parasail
a	double	match
someone	mount	umbrella
player	eye	ball
man	hold	umbrella
group	have	meal
that	say	parking
bunny	hold	brush
bathroom	have	look
friends	play	other
man	use	computer
man	ride	wave
ladies	take	turkey
surfer	ride	board
group	pass	buildings
elephants	go	nose
woman	brush	teeth
train	drive	tracks
man	have	foot
urinals	have	signs
that	have	tower
person	do	jump
that	have	light
snowboarder	do	trick
bright	refurbish	truck
peeson	eat	pizza
person	jump	horse
that	contain	lot
cart	fill	train
dog	have	eyes
player	swing	racket
people	play	game
people	offload	baggage
boy	ride	skateboard
that	say	city
couple	walk	shoreline
someone	cook	fry
man	enjoy	day
woman	ski	hill
man	preform	trick
men	shake	hands
building	line	street
person	ride	wave
train	drive	tracks
vehicle	display	plate
giraffe	eat	limb
tower	have	clock
player	grab	bat
giraffes	wander	park
giraffe	have	horns
man	do	trick
that	have	tags
that	ride	horse
woman	hold	racket
that	have	computers
brides	get	standing
cat	lick	holes
guy	throw	ball
woman	hold	racket
he	teach	boy
box	contain	breakfast
man	kiss	woman
girls	play	tennis
train	enter	station
person	ski	hill
giraffes	set	grass
photo	show	ways
man	have	face
that	have	slice
group	take	break
whom	expect	someone
woman	ride	bike
view	show	cubicles
girl	hold	racket
some	cut	oranges
store	make	doughnuts
that	have	picture
woman	hold	cellphone
that	have	wheels
boy	make	pizzas
blanket	hold	remote
that	have	food
cleaners	take	rest
man	wear	hat
woman	read	something
people	ride	horses
man	feed	elephant
man	ride	horse
mirror	enhance	bathroom
bathroom	have	tiles
people	fly	kites
that	face	television
man	ride	skateboard
woman	throw	frisbee
bathroom	have	trim
woman	eat	food
that	hold	book
group	leave	trail
salad	make	lunch
group	ski	side
man	hold	sign
table	have	plate
player	throw	ball
bathroom	have	seat
team	return	volley
bus	make	splash
boarder	take	wave
photographer	take	photos
surfer	ride	end
that	have	clock
cat	wear	hat
everyone	use	devices
bus	stop	passengers
couple	make	way
jockeys	race	horses
girl	play	tennis
dog	rest	head
girl	play	system
couple	feed	sheep
that	have	elephant
elephant	make	way
puppy	pull	paper
kitchen	have	table
man	wear	hat
person	dry	hair
girls	play	games
that	include	bananas
animal	wear	rope
woman	walk	dogs
sheep	follow	other
child	hold	racket
women	sell	cakes
that	include	shrimp
children	pet	animals
vendor	sell	food
man	do	trick
player	hit	ball
people	play	game
woman	take	photo
that	read	milk
girl	use	brush
street	have	sign
cows	eat	grass
friends	play	game
bowl	contain	tangerines
man	pet	cat
he	hold	baby
woman	show	bagel
man	use	laptop
children	play	game
monitor	have	picture
skateboarder	do	trick
cat	lick	doughnut
that	have	wheels
woman	parasol	umbrella
giraffes	eat	shrubbery
group	drive	tree
woman	put	shopping
they	ski	mountain
boy	swinge	bat
man	have	frisbee
train	round	corner
player	approach	plate
that	read	handle
streetlights	light	night
that	play	game
person	hold	smartphone
couple	enjoy	pizza
